{
  "2|2": {
    "per_sep": {
      "6": {
        "direct": 8.625387191772461,
        "fallback": 12.482020854949951,
        "win_rate": 0.875
      },
      "10": {
        "direct": 15.013360023498535,
        "fallback": 14.085561752319336,
        "win_rate": 0.3125
      },
      "12": {
        "direct": 14.719935417175293,
        "fallback": 12.990497589111328,
        "win_rate": 0.4375
      },
      "15": {
        "direct": 18.30155658721924,
        "fallback": 11.2638258934021,
        "win_rate": 0.25
      },
      "20": {
        "direct": 19.771958351135254,
        "fallback": 10.952183723449707,
        "win_rate": 0.0
      },
      "25": {
        "direct": 21.84552001953125,
        "fallback": 8.87851095199585,
        "win_rate": 0.0
      }
    },
    "trigger_deg": 8.0,
    "wins_up_to": 6,
    "loses_from": 10,
    "n_speakers": 2,
    "cluster_size": 2
  },
  "2|3": {
    "per_sep": {
      "6": {
        "direct": 2.9175381660461426,
        "fallback": 9.448582649230957,
        "win_rate": 1.0
      },
      "10": {
        "direct": 14.12865686416626,
        "fallback": 12.041813373565674,
        "win_rate": 0.375
      },
      "12": {
        "direct": 12.39881420135498,
        "fallback": 13.914168357849121,
        "win_rate": 0.5625
      },
      "15": {
        "direct": 17.23396873474121,
        "fallback": 15.3891921043396,
        "win_rate": 0.5625
      },
      "20": {
        "direct": 19.615156173706055,
        "fallback": 14.594010829925537,
        "win_rate": 0.1875
      },
      "25": {
        "direct": 20.87140941619873,
        "fallback": 10.269869804382324,
        "win_rate": 0.0
      }
    },
    "trigger_deg": 8.0,
    "wins_up_to": 6,
    "loses_from": 10,
    "n_speakers": 3,
    "cluster_size": 2
  },
  "2|4": {
    "per_sep": {
      "6": {
        "direct": 3.317572593688965,
        "fallback": 10.844826698303223,
        "win_rate": 1.0
      },
      "10": {
        "direct": 8.820770740509033,
        "fallback": 12.394834041595459,
        "win_rate": 0.875
      },
      "12": {
        "direct": 13.300556182861328,
        "fallback": 11.578190326690674,
        "win_rate": 0.3125
      },
      "15": {
        "direct": 15.920892715454102,
        "fallback": 11.919204235076904,
        "win_rate": 0.4375
      },
      "20": {
        "direct": 16.581299781799316,
        "fallback": 12.061594486236572,
        "win_rate": 0.0625
      },
      "25": {
        "direct": 17.288009643554688,
        "fallback": 11.211753845214844,
        "win_rate": 0.1875
      }
    },
    "trigger_deg": 11.0,
    "wins_up_to": 10,
    "loses_from": 12,
    "n_speakers": 4,
    "cluster_size": 2
  },
  "2|6": {
    "per_sep": {
      "6": {
        "direct": 1.9912900924682617,
        "fallback": 10.351965427398682,
        "win_rate": 0.9375
      },
      "10": {
        "direct": 5.771956920623779,
        "fallback": 12.0166335105896,
        "win_rate": 1.0
      },
      "12": {
        "direct": 7.309648513793945,
        "fallback": 11.875154972076416,
        "win_rate": 0.9375
      },
      "15": {
        "direct": 11.976897239685059,
        "fallback": 13.907341480255127,
        "win_rate": 0.75
      },
      "20": {
        "direct": 13.148040771484375,
        "fallback": 10.293901920318604,
        "win_rate": 0.4375
      },
      "25": {
        "direct": 13.989590167999268,
        "fallback": 11.972456932067871,
        "win_rate": 0.4375
      }
    },
    "trigger_deg": 17.5,
    "wins_up_to": 15,
    "loses_from": 20,
    "n_speakers": 6,
    "cluster_size": 2
  },
  "2|10": {
    "per_sep": {
      "6": {
        "direct": 0.04009031958412379,
        "fallback": 7.460187911987305,
        "win_rate": 1.0
      },
      "10": {
        "direct": 1.049382209777832,
        "fallback": 7.682709217071533,
        "win_rate": 0.8125
      },
      "12": {
        "direct": 2.3374431133270264,
        "fallback": 8.690186023712158,
        "win_rate": 0.9375
      },
      "15": {
        "direct": 5.253361463546753,
        "fallback": 9.122689247131348,
        "win_rate": 0.9375
      },
      "20": {
        "direct": 3.738505244255066,
        "fallback": 9.536169052124023,
        "win_rate": 1.0
      },
      "25": {
        "direct": 9.187402248382568,
        "fallback": 8.714807510375977,
        "win_rate": 0.75
      }
    },
    "trigger_deg": 25,
    "wins_up_to": 25,
    "loses_from": null,
    "n_speakers": 10,
    "cluster_size": 2
  },
  "3|3": {
    "per_sep": {
      "6": {
        "direct": 0.9958977401256561,
        "fallback": 7.926288843154907,
        "win_rate": 0.9375
      },
      "10": {
        "direct": 7.036080360412598,
        "fallback": 9.760489463806152,
        "win_rate": 0.8125
      },
      "12": {
        "direct": 11.353554248809814,
        "fallback": 12.539644241333008,
        "win_rate": 0.9375
      },
      "15": {
        "direct": 14.375473976135254,
        "fallback": 12.907788276672363,
        "win_rate": 0.4375
      },
      "20": {
        "direct": 17.077768325805664,
        "fallback": 9.759888172149658,
        "win_rate": 0.1875
      },
      "25": {
        "direct": 17.4921875,
        "fallback": 17.581448554992676,
        "win_rate": 0.5
      }
    },
    "trigger_deg": 13.5,
    "wins_up_to": 12,
    "loses_from": 15,
    "n_speakers": 3,
    "cluster_size": 3
  },
  "3|4": {
    "per_sep": {
      "6": {
        "direct": -1.7435600757598877,
        "fallback": 6.264989614486694,
        "win_rate": 1.0
      },
      "10": {
        "direct": 3.967292070388794,
        "fallback": 10.276398658752441,
        "win_rate": 0.9375
      },
      "12": {
        "direct": 5.33706521987915,
        "fallback": 10.353150367736816,
        "win_rate": 0.875
      },
      "15": {
        "direct": 11.527851104736328,
        "fallback": 12.651606559753418,
        "win_rate": 0.875
      },
      "20": {
        "direct": 14.859740257263184,
        "fallback": 14.423791885375977,
        "win_rate": 0.4375
      },
      "25": {
        "direct": 16.097657680511475,
        "fallback": 16.584442138671875,
        "win_rate": 0.6875
      }
    },
    "trigger_deg": 17.5,
    "wins_up_to": 15,
    "loses_from": 20,
    "n_speakers": 4,
    "cluster_size": 3
  },
  "3|5": {
    "per_sep": {
      "6": {
        "direct": -1.228305995464325,
        "fallback": 7.5725791454315186,
        "win_rate": 1.0
      },
      "10": {
        "direct": 1.6711214780807495,
        "fallback": 7.768674373626709,
        "win_rate": 1.0
      },
      "12": {
        "direct": 4.529442548751831,
        "fallback": 8.612797260284424,
        "win_rate": 0.9375
      },
      "15": {
        "direct": 7.544358253479004,
        "fallback": 9.979540348052979,
        "win_rate": 0.8125
      },
      "20": {
        "direct": 11.553848266601562,
        "fallback": 10.10691785812378,
        "win_rate": 0.625
      },
      "25": {
        "direct": 14.622650146484375,
        "fallback": 15.130504131317139,
        "win_rate": 0.5625
      }
    },
    "trigger_deg": 25,
    "wins_up_to": 25,
    "loses_from": null,
    "n_speakers": 5,
    "cluster_size": 3
  },
  "3|7": {
    "per_sep": {
      "6": {
        "direct": -2.2865424156188965,
        "fallback": 6.763205528259277,
        "win_rate": 1.0
      },
      "10": {
        "direct": -0.0362466424703598,
        "fallback": 7.591966152191162,
        "win_rate": 1.0
      },
      "12": {
        "direct": 1.7422509789466858,
        "fallback": 9.104937553405762,
        "win_rate": 1.0
      },
      "15": {
        "direct": 5.265939712524414,
        "fallback": 10.723179817199707,
        "win_rate": 0.8125
      },
      "20": {
        "direct": 8.257058143615723,
        "fallback": 11.033628463745117,
        "win_rate": 0.875
      },
      "25": {
        "direct": 9.972168445587158,
        "fallback": 10.490453243255615,