{
  "2 speakers (target + near interferer)": {
    "per_sep": {
      "2": {
        "sisdr_median": 0.26345618814229965,
        "sisdr_mean": 0.2028633262962103,
        "sisdr_p25": -1.2332767248153687,
        "sisdr_p75": 2.1007060408592224,
        "sir_out_median": 1.9287552971445625,
        "mixture_sisdr_median": 0.025071313604712486,
        "n": 24
      },
      "4": {
        "sisdr_median": 3.1777279376983643,
        "sisdr_mean": 3.3833494496842227,
        "sisdr_p25": 1.073910430073738,
        "sisdr_p75": 6.082560896873474,
        "sir_out_median": 7.243767989253808,
        "mixture_sisdr_median": -0.010127675719559193,
        "n": 24
      },
      "6": {
        "sisdr_median": 7.300191164016724,
        "sisdr_mean": 7.056592260797818,
        "sisdr_p25": 4.252705216407776,
        "sisdr_p75": 9.423226833343506,
        "sir_out_median": 12.353534118661972,
        "mixture_sisdr_median": -0.03228401578962803,
        "n": 24
      },
      "8": {
        "sisdr_median": 11.314435958862305,
        "sisdr_mean": 10.271796718239784,
        "sisdr_p25": 7.455561399459839,
        "sisdr_p75": 13.273210525512695,
        "sir_out_median": 19.90155146094069,
        "mixture_sisdr_median": -0.023945119231939316,
        "n": 24
      },
      "10": {
        "sisdr_median": 14.081621170043945,
        "sisdr_mean": 14.220781048138937,
        "sisdr_p25": 10.701557874679565,
        "sisdr_p75": 18.85487413406372,
        "sir_out_median": 27.285771818817608,
        "mixture_sisdr_median": 0.046049581840634346,
        "n": 24
      },
      "12": {
        "sisdr_median": 16.92437744140625,
        "sisdr_mean": 16.67054905494054,
        "sisdr_p25": 13.821280002593994,
        "sisdr_p75": 19.794565677642822,
        "sir_out_median": 37.34604056934993,
        "mixture_sisdr_median": -0.02033878304064274,
        "n": 24
      },
      "15": {
        "sisdr_median": 18.29633140563965,
        "sisdr_mean": 18.051011164983112,
        "sisdr_p25": 16.462109565734863,
        "sisdr_p75": 20.396653175354004,
        "sir_out_median": 34.60742944806151,
        "mixture_sisdr_median": 0.005800330312922597,
        "n": 24
      },
      "20": {
        "sisdr_median": 20.130102157592773,
        "sisdr_mean": 18.28690481185913,
        "sisdr_p25": 15.348578929901123,
        "sisdr_p75": 21.95939302444458,
        "sir_out_median": 42.88194132050228,
        "mixture_sisdr_median": -0.00335413939319551,
        "n": 24
      },
      "25": {
        "sisdr_median": 21.208577156066895,
        "sisdr_mean": 21.35170046488444,
        "sisdr_p25": 19.873066425323486,
        "sisdr_p75": 22.579171657562256,
        "sir_out_median": 41.805846847832356,
        "mixture_sisdr_median": 0.0030997650464996696,
        "n": 24
      },
      "30": {
        "sisdr_median": 21.404149055480957,
        "sisdr_mean": 21.28490885098775,
        "sisdr_p25": 20.54405117034912,
        "sisdr_p75": 23.247053146362305,
        "sir_out_median": 39.28899706722959,
        "mixture_sisdr_median": 0.029392619617283344,
        "n": 24
      },
      "40": {
        "sisdr_median": 22.53547763824463,
        "sisdr_mean": 22.211631695429485,
        "sisdr_p25": 21.09208869934082,
        "sisdr_p75": 24.062134742736816,
        "sir_out_median": 42.01930365614326,
        "mixture_sisdr_median": -0.033896591514348984,
        "n": 24
      },
      "60": {
        "sisdr_median": 22.985504150390625,
        "sisdr_mean": 22.608445167541504,
        "sisdr_p25": 21.61451816558838,
        "sisdr_p75": 24.263007640838623,
        "sir_out_median": 47.73744362192278,
        "mixture_sisdr_median": -0.02548708114773035,
        "n": 24
      },
      "90": {
        "sisdr_median": 23.56761932373047,
        "sisdr_mean": 23.029088576634724,
        "sisdr_p25": 21.93086528778076,
        "sisdr_p75": 24.514851093292236,
        "sir_out_median": 45.066309342889,
        "mixture_sisdr_median": -0.02460072934627533,
        "n": 24
      },
      "120": {
        "sisdr_median": 22.93558692932129,
        "sisdr_mean": 22.471951643625896,
        "sisdr_p25": 20.75508975982666,
        "sisdr_p75": 25.32441282272339,
        "sir_out_median": 43.01717922065113,
        "mixture_sisdr_median": -0.017597815953195095,
        "n": 24
      }
    },
    "thresholds": {
      "plateau_sisdr_db": 22.985504150390625,
      "safe_deg_plateau": 20,
      "safe_deg_asr": 8
    }
  },
  "6 speakers (1 near + 4 far)": {
    "per_sep": {
      "2": {
        "sisdr_median": 0.18477188795804977,
        "sisdr_mean": -0.1862433161586523,
        "sisdr_p25": -0.8295920491218567,
        "sisdr_p75": 0.6143767088651657,
        "sir_out_median": 0.5642339057480766,
        "mixture_sisdr_median": -6.963993310928345,
        "n": 24
      },
      "4": {
        "sisdr_median": -0.002400679513812065,
        "sisdr_mean": 0.0025118764800330005,
        "sisdr_p25": -0.7848328351974487,
        "sisdr_p75": 0.44827497005462646,
        "sir_out_median": 0.6471271527069625,
        "mixture_sisdr_median": -6.949458360671997,
        "n": 24
      },
      "6": {
        "sisdr_median": 1.1559609770774841,
        "sisdr_mean": 1.599650969573607,
        "sisdr_p25": 0.4391675591468811,
        "sisdr_p75": 2.952301263809204,
        "sir_out_median": 2.7426914281948447,
        "mixture_sisdr_median": -6.8650078773498535,
        "n": 24
      },
      "8": {
        "sisdr_median": 3.573984146118164,
        "sisdr_mean": 4.265533258517583,
        "sisdr_p25": 2.5121399760246277,
        "sisdr_p75": 6.114207744598389,
        "sir_out_median": 6.20024726722685,
        "mixture_sisdr_median": -6.93067479133606,
        "n": 24
      },
      "10": {
        "sisdr_median": 5.3139328956604,
        "sisdr_mean": 5.547230961422126,
        "sisdr_p25": 2.399748682975769,
        "sisdr_p75": 7.9258949756622314,
        "sir_out_median": 9.091890234515393,
        "mixture_sisdr_median": -6.944919586181641,
        "n": 24
      },
      "12": {
        "sisdr_median": 7.674700498580933,
        "sisdr_mean": 7.308071454366048,
        "sisdr_p25": 4.945227026939392,
        "sisdr_p75": 9.97791600227356,
        "sir_out_median": 12.81265993908527,
        "mixture_sisdr_median": -6.924130201339722,
        "n": 24
      },
      "15": {
        "sisdr_median": 10.755782127380371,
        "sisdr_mean": 10.506449282169342,
        "sisdr_p25": 7.760147929191589,
        "sisdr_p75": 13.559971809387207,
        "sir_out_median": 19.863343362155394,
        "mixture_sisdr_median": -7.0326409339904785,
        "n": 24
      },
      "20": {
        "sisdr_median": 13.642403602600098,
        "sisdr_mean": 13.540160497029623,
        "sisdr_p25": 11.563862323760986,
        "sisdr_p75": 14.988417863845825,
        "sir_out_median": 27.032769967095675,
        "mixture_sisdr_median": -7.008029460906982,
        "n": 24
      },
      "25": {
        "sisdr_median": 14.855196475982666,
        "sisdr_mean": 14.85457475980123,
        "sisdr_p25": 13.743411540985107,
        "sisdr_p75": 16.323514938354492,
        "sir_out_median": 37.11078553460338,
        "mixture_sisdr_median": -6.919816732406616,
        "n": 24
      },
      "30": {
        "sisdr_median": 15.686120510101318,
        "sisdr_mean": 15.347421209017435,
        "sisdr_p25": 14.361467599868774,
        "sisdr_p75": 16.643099784851074,
        "sir_out_median": 35.818565292243115,
        "mixture_sisdr_median": -6.995209693908691,
        "n": 24
      },
      "40": {
        "sisdr_median": 16.2819242477417,
        "sisdr_mean": 15.88564246892929,
        "sisdr_p25": 15.057263612747192,
        "sisdr_p75": 17.344481468200684,
        "sir_out_median": 37.282962257238296,
        "mixture_sisdr_median": -6.934050559997559,
        "n": 24
      },
      "60": {
        "sisdr_median": 16.741214752197266,
        "sisdr_mean": 16.084461748600006,
        "sisdr_p25": 14.86140775680542,